line_no,previous_line,raw_line,next_line,error_code,parse_note
2,[Thu Jun 12 13:35:25.818494 2025] [suexec:notice] [pid 1947900:tid 140420159084864] AH01232: suEXEC mechanism enabled (wrapper: /usr/sbin/suexec),"AH00558: httpd: Could not reliably determine the server's fully qualified domain name, using localhost.localdomain. Set the 'ServerName' directive globally to suppress this message",[Thu Jun 12 13:35:25.840609 2025] [lbmethod_heartbeat:notice] [pid 1947900:tid 140420159084864] AH02282: No slotmem from mod_heartmonitor,AH00558,MISSING_TIMESTAMP_HEADER
15,[Thu Jun 12 17:42:00.043754 2025] [suexec:notice] [pid 1995107:tid 140658241005888] AH01232: suEXEC mechanism enabled (wrapper: /usr/sbin/suexec),"AH00558: httpd: Could not reliably determine the server's fully qualified domain name, using localhost.localdomain. Set the 'ServerName' directive globally to suppress this message",[Thu Jun 12 17:42:00.056234 2025] [lbmethod_heartbeat:notice] [pid 1995107:tid 140658241005888] AH02282: No slotmem from mod_heartmonitor,AH00558,MISSING_TIMESTAMP_HEADER
22,[Thu Jun 12 17:54:44.103613 2025] [suexec:notice] [pid 1995750:tid 140694063937856] AH01232: suEXEC mechanism enabled (wrapper: /usr/sbin/suexec),"AH00558: httpd: Could not reliably determine the server's fully qualified domain name, using localhost.localdomain. Set the 'ServerName' directive globally to suppress this message",[Thu Jun 12 17:54:44.116054 2025] [lbmethod_heartbeat:notice] [pid 1995750:tid 140694063937856] AH02282: No slotmem from mod_heartmonitor,AH00558,MISSING_TIMESTAMP_HEADER
29,[Thu Jun 12 17:56:07.326271 2025] [suexec:notice] [pid 1996011:tid 140669294074176] AH01232: suEXEC mechanism enabled (wrapper: /usr/sbin/suexec),"AH00558: httpd: Could not reliably determine the server's fully qualified domain name, using localhost.localdomain. Set the 'ServerName' directive globally to suppress this message",[Thu Jun 12 17:56:07.339098 2025] [lbmethod_heartbeat:notice] [pid 1996011:tid 140669294074176] AH02282: No slotmem from mod_heartmonitor,AH00558,MISSING_TIMESTAMP_HEADER
36,[Thu Jun 12 17:57:37.322539 2025] [suexec:notice] [pid 1996265:tid 139695085410624] AH01232: suEXEC mechanism enabled (wrapper: /usr/sbin/suexec),"AH00558: httpd: Could not reliably determine the server's fully qualified domain name, using localhost.localdomain. Set the 'ServerName' directive globally to suppress this message",[Thu Jun 12 17:57:37.335006 2025] [lbmethod_heartbeat:notice] [pid 1996265:tid 139695085410624] AH02282: No slotmem from mod_heartmonitor,AH00558,MISSING_TIMESTAMP_HEADER
43,[Thu Jun 12 17:58:37.904591 2025] [suexec:notice] [pid 1996504:tid 140592679917888] AH01232: suEXEC mechanism enabled (wrapper: /usr/sbin/suexec),"AH00558: httpd: Could not reliably determine the server's fully qualified domain name, using localhost.localdomain. Set the 'ServerName' directive globally to suppress this message",[Thu Jun 12 17:58:37.917365 2025] [lbmethod_heartbeat:notice] [pid 1996504:tid 140592679917888] AH02282: No slotmem from mod_heartmonitor,AH00558,MISSING_TIMESTAMP_HEADER
54,[Mon Jun 16 14:47:19.351148 2025] [suexec:notice] [pid 2065903:tid 140235550566720] AH01232: suEXEC mechanism enabled (wrapper: /usr/sbin/suexec),"AH00558: httpd: Could not reliably determine the server's fully qualified domain name, using localhost.localdomain. Set the 'ServerName' directive globally to suppress this message",[Mon Jun 16 14:47:19.363946 2025] [lbmethod_heartbeat:notice] [pid 2065903:tid 140235550566720] AH02282: No slotmem from mod_heartmonitor,AH00558,MISSING_TIMESTAMP_HEADER
67,[Mon Jun 16 15:33:18.474815 2025] [suexec:notice] [pid 971:tid 140566996662592] AH01232: suEXEC mechanism enabled (wrapper: /usr/sbin/suexec),"AH00558: httpd: Could not reliably determine the server's fully qualified domain name, using localhost.localdomain. Set the 'ServerName' directive globally to suppress this message",[Mon Jun 16 15:33:18.501914 2025] [lbmethod_heartbeat:notice] [pid 971:tid 140566996662592] AH02282: No slotmem from mod_heartmonitor,AH00558,MISSING_TIMESTAMP_HEADER
88,[Mon Jun 16 15:47:24.759522 2025] [suexec:notice] [pid 8619:tid 139944384870720] AH01232: suEXEC mechanism enabled (wrapper: /usr/sbin/suexec),"AH00558: httpd: Could not reliably determine the server's fully qualified domain name, using localhost.localdomain. Set the 'ServerName' directive globally to suppress this message",[Mon Jun 16 15:47:24.775865 2025] [lbmethod_heartbeat:notice] [pid 8619:tid 139944384870720] AH02282: No slotmem from mod_heartmonitor,AH00558,MISSING_TIMESTAMP_HEADER
105,[Mon Jun 16 15:55:18.143070 2025] [suexec:notice] [pid 9255:tid 140660674214208] AH01232: suEXEC mechanism enabled (wrapper: /usr/sbin/suexec),"AH00558: httpd: Could not reliably determine the server's fully qualified domain name, using localhost.localdomain. Set the 'ServerName' directive globally to suppress this message",[Mon Jun 16 15:55:18.154954 2025] [lbmethod_heartbeat:notice] [pid 9255:tid 140660674214208] AH02282: No slotmem from mod_heartmonitor,AH00558,MISSING_TIMESTAMP_HEADER
112,[Mon Jun 16 15:55:45.999867 2025] [suexec:notice] [pid 1028:tid 140344454240576] AH01232: suEXEC mechanism enabled (wrapper: /usr/sbin/suexec),"AH00558: httpd: Could not reliably determine the server's fully qualified domain name, using localhost.localdomain. Set the 'ServerName' directive globally to suppress this message",[Mon Jun 16 15:55:46.024868 2025] [lbmethod_heartbeat:notice] [pid 1028:tid 140344454240576] AH02282: No slotmem from mod_heartmonitor,AH00558,MISSING_TIMESTAMP_HEADER
145,[Mon Jun 16 17:05:19.605355 2025] [suexec:notice] [pid 4612:tid 139657344936256] AH01232: suEXEC mechanism enabled (wrapper: /usr/sbin/suexec),"AH00558: httpd: Could not reliably determine the server's fully qualified domain name, using localhost.localdomain. Set the 'ServerName' directive globally to suppress this message",[Mon Jun 16 17:05:19.616909 2025] [lbmethod_heartbeat:notice] [pid 4612:tid 139657344936256] AH02282: No slotmem from mod_heartmonitor,AH00558,MISSING_TIMESTAMP_HEADER
156,[Mon Jun 16 17:07:27.115010 2025] [suexec:notice] [pid 1032:tid 139750706583872] AH01232: suEXEC mechanism enabled (wrapper: /usr/sbin/suexec),"AH00558: httpd: Could not reliably determine the server's fully qualified domain name, using localhost.localdomain. Set the 'ServerName' directive globally to suppress this message",[Mon Jun 16 17:07:27.143581 2025] [lbmethod_heartbeat:notice] [pid 1032:tid 139750706583872] AH02282: No slotmem from mod_heartmonitor,AH00558,MISSING_TIMESTAMP_HEADER
189,[Mon Jun 16 17:26:40.510383 2025] [suexec:notice] [pid 4208:tid 140120669116736] AH01232: suEXEC mechanism enabled (wrapper: /usr/sbin/suexec),"AH00558: httpd: Could not reliably determine the server's fully qualified domain name, using localhost.localdomain. Set the 'ServerName' directive globally to suppress this message",[Mon Jun 16 17:26:40.521952 2025] [lbmethod_heartbeat:notice] [pid 4208:tid 140120669116736] AH02282: No slotmem from mod_heartmonitor,AH00558,MISSING_TIMESTAMP_HEADER
196,[Mon Jun 16 17:27:03.869418 2025] [suexec:notice] [pid 4444:tid 140599448873280] AH01232: suEXEC mechanism enabled (wrapper: /usr/sbin/suexec),"AH00558: httpd: Could not reliably determine the server's fully qualified domain name, using localhost.localdomain. Set the 'ServerName' directive globally to suppress this message",[Mon Jun 16 17:27:03.881108 2025] [lbmethod_heartbeat:notice] [pid 4444:tid 140599448873280] AH02282: No slotmem from mod_heartmonitor,AH00558,MISSING_TIMESTAMP_HEADER
205,[Mon Jun 16 17:33:00.986365 2025] [suexec:notice] [pid 5118:tid 140485521467712] AH01232: suEXEC mechanism enabled (wrapper: /usr/sbin/suexec),"AH00558: httpd: Could not reliably determine the server's fully qualified domain name, using localhost.localdomain. Set the 'ServerName' directive globally to suppress this message",[Mon Jun 16 17:33:01.002334 2025] [lbmethod_heartbeat:notice] [pid 5118:tid 140485521467712] AH02282: No slotmem from mod_heartmonitor,AH00558,MISSING_TIMESTAMP_HEADER
265,[Sun Jul 06 10:23:00.093775 2025] [suexec:notice] [pid 1069:tid 140628547266880] AH01232: suEXEC mechanism enabled (wrapper: /usr/sbin/suexec),"AH00558: httpd: Could not reliably determine the server's fully qualified domain name, using localhost.localdomain. Set the 'ServerName' directive globally to suppress this message",[Sun Jul 06 10:23:00.204906 2025] [lbmethod_heartbeat:notice] [pid 1069:tid 140628547266880] AH02282: No slotmem from mod_heartmonitor,AH00558,MISSING_TIMESTAMP_HEADER
276,[Sun Jul 06 11:11:17.519358 2025] [suexec:notice] [pid 3959:tid 139858830911808] AH01232: suEXEC mechanism enabled (wrapper: /usr/sbin/suexec),"AH00558: httpd: Could not reliably determine the server's fully qualified domain name, using localhost.localdomain. Set the 'ServerName' directive globally to suppress this message",[Sun Jul 06 11:11:17.531548 2025] [lbmethod_heartbeat:notice] [pid 3959:tid 139858830911808] AH02282: No slotmem from mod_heartmonitor,AH00558,MISSING_TIMESTAMP_HEADER
